{"page": 0, "source": "leonardo", "generation_time": 12.74, "timestamp": 1774773247.357582}
{"page": 1, "source": "leonardo", "generation_time": 12.28, "timestamp": 1774773259.747979}
{"page": 2, "source": "leonardo", "generation_time": 11.69, "timestamp": 1774773271.54127}
{"page": 0, "source": "openai", "generation_time": 37.85, "timestamp": 1774773272.4692962}
{"page": 3, "source": "leonardo", "generation_time": 11.44, "timestamp": 1774773283.088535}
{"page": 4, "source": "leonardo", "generation_time": 23.6, "timestamp": 1774773306.795109}
{"page": 1, "source": "openai", "generation_time": 39.16, "timestamp": 1774773311.832831}
{"page": 5, "source": "leonardo", "generation_time": 11.67, "timestamp": 1774773318.5723462}
{"page": 6, "source": "leonardo", "generation_time": 11.8, "timestamp": 1774773330.474685}
{"page": 7, "source": "leonardo", "generation_time": 12.63, "timestamp": 1774773343.207693}
{"page": 2, "source": "openai", "generation_time": 35.35, "timestamp": 1774773347.391113}
{"page": 8, "source": "leonardo", "generation_time": 12.98, "timestamp": 1774773356.2929852}
{"page": 9, "source": "leonardo", "generation_time": 11.79, "timestamp": 1774773368.1892748}
{"page": 10, "source": "leonardo", "generation_time": 11.7, "timestamp": 1774773379.9977548}
{"page": 3, "source": "openai", "generation_time": 33.91, "timestamp": 1774773381.503723}
{"page": 11, "source": "leonardo", "generation_time": 12.94, "timestamp": 1774773393.0498009}
{"page": 4, "source": "openai", "generation_time": 34.99, "timestamp": 1774773416.701594}
{"page": 5, "source": "openai", "generation_time": 36.83, "timestamp": 1774773453.731116}
{"page": 6, "source": "openai", "generation_time": 35.42, "timestamp": 1774773489.362768}
{"page": 7, "source": "openai", "generation_time": 35.18, "timestamp": 1774773524.748389}
{"page": 8, "source": "openai", "generation_time": 35.36, "timestamp": 1774773560.311411}
{"page": 9, "source": "openai", "generation_time": 38.94, "timestamp": 1774773599.458943}
{"page": 10, "source": "openai", "generation_time": 39.13, "timestamp": 1774773638.791837}
{"page": 11, "source": "openai", "generation_time": 37.47, "timestamp": 1774773676.473176}
